filename,hardware,model_size,arrival_rate,run_id,throughput_rps,avg_e2e_latency,avg_ttft,avg_tbt,total_requests,successful_requests,hourly_cost,cost_per_1k_req
ar.1_13b_1xa100.jsonl,1xa100,13b,1.0,0,0.9085359493987449,24.089697377698666,0.18678656454770765,0.03702357377720881,298,298,0.145,0.04433261865359647
ar.2_13b_1xa100.jsonl,1xa100,13b,2.0,0,1.0874944655560184,128.1675067453126,86.3018845543079,0.06544889553473766,595,595,0.145,0.037037225524807066
ar.3_13b_1xa100.jsonl,1xa100,13b,3.0,0,1.110053192037757,267.96875832230324,225.2706843508776,0.0638036022098024,897,897,0.145,0.03628454750338467
ar.4_13b_1xa100.jsonl,1xa100,13b,4.0,0,1.1329546058529014,386.5920825864886,343.4863091052006,0.06605955655560208,1188,1187,0.145,0.035551095842411264
ar.6.5_13b_1xa100.jsonl,1xa100,13b,6.5,0,1.1471801111926234,667.9975403255255,625.1379885246636,0.06676226724890079,1880,1879,0.145,0.03511024762790254
ar.13_13b_1xa100.jsonl,1xa100,13b,13.0,0,1.1416338010359,1521.966540970329,1479.1090644600506,0.06610064626058597,3813,3813,0.145,0.03528082099639164
ar.26_13b_1xa100.jsonl,1xa100,13b,26.0,0,1.122807658278056,3310.7774981493317,3267.321683442271,0.066588970840907,7866,7866,0.145,0.03587237536262266
ar.1_13b_1xgh200.jsonl,1xgh200,13b,1.0,0,0.9737715462303623,7.317317011960194,0.060233204860135524,0.011288478840334468,298,298,1.49,0.42503695090611776
ar.2_13b_1xgh200.jsonl,1xgh200,13b,2.0,0,1.8843810218607904,11.933953506893092,0.08425484698162093,0.01729441903483766,595,595,1.49,0.219641826195098
ar.3_13b_1xgh200.jsonl,1xgh200,13b,3.0,0,2.5750106207901315,35.11340393694632,13.894229684773832,0.03304477176638699,897,897,1.49,0.16073288612762643
ar.4_13b_1xgh200.jsonl,1xgh200,13b,4.0,0,2.642937116406671,82.14369517385596,60.22803797324684,0.034354603158859034,1188,1187,1.49,0.15660186779306007
ar.6.5_13b_1xgh200.jsonl,1xgh200,13b,6.5,0,2.686904548930497,201.25658389259922,179.4092666691168,0.03455647150643763,1880,1879,1.49,0.15403929739656527
ar.13_13b_1xgh200.jsonl,1xgh200,13b,13.0,0,2.6553148175351473,568.808943711144,546.5820811721053,0.03502180908592137,3813,3813,1.49,0.15587187106992084
ar.26_13b_1xgh200.jsonl,1xgh200,13b,26.0,0,2.6390091279927654,1323.2987014437954,1300.9281428446059,0.03468786380732524,7866,7866,1.49,0.1568349591892823
ar.1_13b_1xh100_0.jsonl,1xh100,13b,1.0,0,0.9686150309213801,8.958461465576892,0.08229873871791915,0.01371194895955006,298,298,0.288,0.0825921521410846
ar.2_13b_1xh100_0.jsonl,1xh100,13b,2.0,0,1.8345300051136528,21.410285846261917,0.24348092955454476,0.032718292735641835,595,595,0.288,0.04360789944945263
ar.3_13b_1xh100_0.jsonl,1xh100,13b,3.0,0,1.964101112542322,163.49244737923334,132.7991564591871,0.0479565678519879,1188,1187,0.288,0.040731100598201085
ar.4_13b_1xh100_0.jsonl,1xh100,13b,4.0,0,1.9587614522137637,164.00982223982302,133.24069090297309,0.048062287436939834,1188,1187,0.288,0.040842135171480505
ar.6.5_13b_1xh100_0.jsonl,1xh100,13b,6.5,0,1.9882945274764654,324.80185126220545,294.2184163931016,0.04715127264310978,1880,1879,0.288,0.04023548769785915
ar.13_13b_1xh100_0.jsonl,1xh100,13b,13.0,0,1.9501372755946365,832.3508537209751,801.072146933574,0.04891576306895473,3813,3813,0.288,0.04102275311649862
ar.26_13b_1xh100_0.jsonl,1xh100,13b,26.0,0,1.9347622533214996,1861.7161868304909,1830.2357849116167,0.04850999129156427,7866,7866,0.288,0.0413487496268134
ar.1_13b_2x3090_0.jsonl,2x3090,13b,1.0,0,0.6568272298406601,85.25872426605534,58.134430377683195,0.04314813643281301,298,298,0.117,0.04948028724065564
ar.2_13b_2x3090_0.jsonl,2x3090,13b,2.0,0,0.6145101951385534,319.95037731262033,290.35812839635435,0.04563184918656291,595,595,0.117,0.05288764980159888
ar.3_13b_2x3090_0.jsonl,2x3090,13b,3.0,0,0.6304623692607348,544.4139102486885,514.5991860189466,0.047176096884905726,897,897,0.117,0.051549468429192266
ar.4_13b_2x3090_0.jsonl,2x3090,13b,4.0,0,0.6376825382618555,762.7981848782626,733.1885280443748,0.04585381088215319,1188,1187,0.117,0.05096579888887334
ar.6.5_13b_2x3090_0.jsonl,2x3090,13b,6.5,0,0.6353281757887423,1297.5290555868312,1266.871942741207,0.0464058100880096,1880,1879,0.117,0.05115466500388111
ar.13_13b_2x3090_0.jsonl,2x3090,13b,13.0,0,0.6307763790017895,2810.701437386602,2781.7025186572464,0.04576499279487043,3813,3813,0.117,0.05152380634707915
ar.26_13b_2x3090_0.jsonl,2x3090,13b,26.0,0,0.6154964874996312,6085.258581140426,6055.402447865252,0.04693207340936768,7866,7866,0.117,0.05280290084518066
ar.1_13b_2xa100.jsonl,2xa100,13b,1.0,0,0.9593862345471484,10.91609647102333,0.09949557931195037,0.0168524121561503,298,298,0.29,0.08396571959736275
ar.2_13b_2xa100.jsonl,2xa100,13b,2.0,0,1.8311427243018366,18.911271706856997,0.13677707851087642,0.02739787981146636,595,595,0.29,0.04399195894807661
ar.3_13b_2xa100.jsonl,2xa100,13b,3.0,0,2.382163742176859,57.00501316013505,12.88517689950175,0.06533756583581848,897,897,0.29,0.03381612864359299
ar.4_13b_2xa100.jsonl,2xa100,13b,4.0,0,2.400551362797843,113.4504044492914,65.3884440114404,0.07343418854887872,1188,1187,0.29,0.03355710558997081
ar.6.5_13b_2xa100.jsonl,2xa100,13b,6.5,0,2.4538137066946115,245.07195171952927,196.55391923528913,0.07433719095395955,1880,1879,0.29,0.03282871692165548
ar.13_13b_2xa100.jsonl,2xa100,13b,13.0,0,2.444079922863207,639.1438327625476,589.6888950077637,0.07666466200460775,3813,3813,0.29,0.032959460450534606
ar.26_13b_2xa100.jsonl,2xa100,13b,26.0,0,2.3966199668852792,1484.6372929001172,1434.1170044216942,0.07584825666133208,7866,7866,0.29,0.03361215239320901
ar.1_13b_2xgh200.jsonl,2xgh200,13b,1.0,0,0.9868428469281587,4.2810648717146345,0.04785458907120136,0.006581455177379227,298,298,2.98,0.8388141844007704
ar.2_13b_2xgh200.jsonl,2xgh200,13b,2.0,0,1.931509550412827,5.428549280154818,0.054231502920508524,0.007827410600448425,595,595,2.98,0.4285652005193836
ar.3_13b_2xgh200.jsonl,2xgh200,13b,3.0,0,2.898167896479137,6.639974123052838,0.059372926075570855,0.009792366776182724,897,897,2.98,0.2856210569385612
ar.4_13b_2xgh200.jsonl,2xgh200,13b,4.0,0,3.7954894944173376,8.67952171899729,0.07071889584824026,0.01279745119283157,1188,1187,2.98,0.21809513081127724
ar.6.5_13b_2xgh200.jsonl,2xgh200,13b,6.5,0,5.419153915549981,29.992493996008537,6.959420620434065,0.034597979672424575,1880,1879,2.98,0.15275037223108065
ar.13_13b_2xgh200.jsonl,2xgh200,13b,13.0,0,5.312563149585859,215.99499218555928,189.48539862956994,0.040734816570075896,3813,3813,2.98,0.15581514129244886
ar.26_13b_2xgh200.jsonl,2xgh200,13b,26.0,0,5.258662001107742,594.4879897804267,567.3928513478004,0.040696586618363985,7866,7866,2.98,0.15741224243037596
ar.1_13b_2xh100_0.jsonl,2xh100,13b,1.0,0,0.7436327892699006,4.671340920204917,0.049635827326112325,0.007323441888330356,298,225,0.576,0.21515995839436847
ar.2_13b_2xh100_0.jsonl,2xh100,13b,2.0,0,1.9241236718483157,6.456074924638667,0.05964995171843457,0.009333352247239152,595,595,0.576,0.08315473809763162
ar.3_13b_2xh100_0.jsonl,2xh100,13b,3.0,0,2.8842392940631187,8.767890386731928,0.07111180847803486,0.012906094813913839,897,897,0.576,0.055473899245926626
ar.4_13b_2xh100_0.jsonl,2xh100,13b,4.0,0,3.7366681872234184,14.455810029901526,0.09978146689748603,0.021383654090658667,1188,1187,0.576,0.042818894261759465
ar.6.5_13b_2xh100_0.jsonl,2xh100,13b,6.5,0,3.9250769711745654,98.29756825729687,63.05418694521657,0.05298838377279341,1880,1879,0.576,0.04076353181734435
ar.1_13b_4x3090_0.jsonl,4x3090,13b,1.0,0,0.9342501953900748,18.005435709770996,0.2515799069858661,0.027818943299346865,298,297,0.234,0.06957451046917977
ar.2_13b_4x3090_0.jsonl,4x3090,13b,2.0,0,1.1471592499818,114.45998844700364,65.65973783597906,0.07268461375202022,595,595,0.234,0.05666170586257423
ar.3_13b_4x3090_0.jsonl,4x3090,13b,3.0,0,1.1395970673576528,262.77925365163793,209.39808702995867,0.08508208420661025,897,897,0.234,0.057037703818169194
ar.4_13b_4x3090_0.jsonl,4x3090,13b,4.0,0,1.1605734790372912,362.7172621753414,308.27939288756886,0.0827111807080316,1188,1187,0.234,0.056006794204808336
ar.6.5_13b_4x3090_0.jsonl,4x3090,13b,6.5,0,1.1748052126886088,647.1270382741113,594.6259044176699,0.08329592962159378,1880,1879,0.234,0.05532832106800394
ar.26_13b_4x3090_0.jsonl,4x3090,13b,26.0,0,1.1475191865978818,3197.852886089073,3144.027788362992,0.08283902878339015,7866,7866,0.234,0.05664393306809045
ar.1_13b_4xa100.jsonl,4xa100,13b,1.0,0,0.977361103063327,6.233366798852825,0.05877166823161713,0.009619890759811359,298,298,0.58,0.16484297421510144
ar.2_13b_4xa100.jsonl,4xa100,13b,2.0,0,1.8981388013316984,8.332045950662314,0.06885290700541673,0.012056210033204838,595,595,0.58,0.08487846673703661
ar.3_13b_4xa100.jsonl,4xa100,13b,3.0,0,2.846847822840555,10.902951575795772,0.08025183535246591,0.016055001463621432,897,897,0.58,0.05659280760232422
ar.4_13b_4xa100.jsonl,4xa100,13b,4.0,0,3.688712741630304,14.935547857007005,0.0992104929360689,0.02206506269253916,1188,1187,0.58,0.043676784394955266
ar.6.5_13b_4xa100.jsonl,4xa100,13b,6.5,0,5.052145045893799,52.20321798327118,9.875566367684897,0.06260140530998698,1880,1879,0.58,0.031889644823649
ar.13_13b_4xa100.jsonl,4xa100,13b,13.0,0,5.211399125923488,226.62204553544868,180.02924349646332,0.06946374735895472,3813,3813,0.58,0.03091513568970048
ar.26_13b_4xa100.jsonl,4xa100,13b,26.0,0,5.137163025150931,620.0056271540384,571.4546949808982,0.07117364438646999,7866,7866,0.58,0.03136188404423425
ar.1_13b_4xgh200.jsonl,4xgh200,13b,1.0,0,0.9936197549367203,2.780056381997365,0.035215457007538954,0.004229821912243207,298,298,5.96,1.6661862320370142
ar.2_13b_4xgh200.jsonl,4xgh200,13b,2.0,0,1.9524405502575295,3.308873724065498,0.03706917913939741,0.004767157350400156,595,595,5.96,0.8479415956287046
ar.3_13b_4xgh200.jsonl,4xgh200,13b,3.0,0,2.9296200502867102,3.631995911738614,0.03794627407029839,0.0053163789518038875,897,897,5.96,0.565109306714887
ar.4_13b_4xgh200.jsonl,4xgh200,13b,4.0,0,3.8682831445149057,3.9327372091475827,0.038761146424828405,0.0057637913822583785,1188,1187,5.96,0.4279819996897272
ar.6.5_13b_4xgh200.jsonl,4xgh200,13b,6.5,0,6.123126664606438,4.947886689831604,0.042095522456317314,0.007307626619769057,1880,1879,5.96,0.2703774797155802
ar.13_13b_4xgh200.jsonl,4xgh200,13b,13.0,0,10.289099632820589,44.0076822855463,16.82186533395697,0.04082575442435088,3813,3813,5.96,0.1609038316894704
ar.26_13b_4xgh200.jsonl,4xgh200,13b,26.0,0,10.165979364730847,241.37220292167373,211.39614118013554,0.044279806349171405,7866,7866,5.96,0.162852539451263
ar.1_13b_4xh100_0.jsonl,4xh100,13b,1.0,0,0.9889827494792531,3.7369808833889864,0.04425573078977982,0.005754836724453289,298,298,1.152,0.3235647943995943
ar.2_13b_4xh100_0.jsonl,4xh100,13b,2.0,0,1.9390439243117938,4.504869601919371,0.04860038765150459,0.006495270032622246,595,595,1.152,0.16502978400222393
ar.3_13b_4xh100_0.jsonl,4xh100,13b,3.0,0,2.909667729948438,4.968872750248582,0.05187505154393887,0.007286791289049875,897,897,1.152,0.1099781932852074
ar.4_13b_4xh100_0.jsonl,4xh100,13b,4.0,0,3.838465642686089,5.464829726773138,0.054485657363784794,0.007993501120054652,1188,1187,1.152,0.08336664432824512
ar.6.5_13b_4xh100_0.jsonl,4xh100,13b,6.5,0,6.042066814299502,9.205764390768095,0.07684138253580991,0.013596380945734465,1880,1879,1.152,0.05296200949692738
